company_code,company_name,year,metric,value,unit,source_id,source_name
DEMO001,샘플전자,2023,revenue,82000000000000,KRW,DEMO001-2023,Sample annual report
DEMO001,샘플전자,2023,operating_income,6150000000000,KRW,DEMO001-2023,Sample annual report
DEMO001,샘플전자,2023,net_income,4100000000000,KRW,DEMO001-2023,Sample annual report
DEMO001,샘플전자,2023,assets,105000000000000,KRW,DEMO001-2023,Sample annual report
DEMO001,샘플전자,2023,liabilities,39000000000000,KRW,DEMO001-2023,Sample annual report
DEMO001,샘플전자,2023,equity,66000000000000,KRW,DEMO001-2023,Sample annual report
DEMO001,샘플전자,2024,revenue,91000000000000,KRW,DEMO001-2024,Sample annual report
DEMO001,샘플전자,2024,operating_income,8190000000000,KRW,DEMO001-2024,Sample annual report
DEMO001,샘플전자,2024,net_income,5600000000000,KRW,DEMO001-2024,Sample annual report
DEMO001,샘플전자,2024,assets,112000000000000,KRW,DEMO001-2024,Sample annual report
DEMO001,샘플전자,2024,liabilities,41000000000000,KRW,DEMO001-2024,Sample annual report
DEMO001,샘플전자,2024,equity,71000000000000,KRW,DEMO001-2024,Sample annual report
DEMO001,샘플전자,2025,revenue,99000000000000,KRW,DEMO001-2025,Sample annual report
DEMO001,샘플전자,2025,operating_income,9900000000000,KRW,DEMO001-2025,Sample annual report
DEMO001,샘플전자,2025,net_income,6800000000000,KRW,DEMO001-2025,Sample annual report
DEMO001,샘플전자,2025,assets,120000000000000,KRW,DEMO001-2025,Sample annual report
DEMO001,샘플전자,2025,liabilities,43000000000000,KRW,DEMO001-2025,Sample annual report
DEMO001,샘플전자,2025,equity,77000000000000,KRW,DEMO001-2025,Sample annual report
DEMO002,샘플메모리,2023,revenue,51000000000000,KRW,DEMO002-2023,Sample annual report
DEMO002,샘플메모리,2023,operating_income,2550000000000,KRW,DEMO002-2023,Sample annual report
DEMO002,샘플메모리,2023,net_income,1700000000000,KRW,DEMO002-2023,Sample annual report
DEMO002,샘플메모리,2023,assets,76000000000000,KRW,DEMO002-2023,Sample annual report
DEMO002,샘플메모리,2023,liabilities,36000000000000,KRW,DEMO002-2023,Sample annual report
DEMO002,샘플메모리,2023,equity,40000000000000,KRW,DEMO002-2023,Sample annual report
DEMO002,샘플메모리,2024,revenue,65000000000000,KRW,DEMO002-2024,Sample annual report
DEMO002,샘플메모리,2024,operating_income,5200000000000,KRW,DEMO002-2024,Sample annual report
DEMO002,샘플메모리,2024,net_income,3300000000000,KRW,DEMO002-2024,Sample annual report
DEMO002,샘플메모리,2024,assets,83000000000000,KRW,DEMO002-2024,Sample annual report
DEMO002,샘플메모리,2024,liabilities,38000000000000,KRW,DEMO002-2024,Sample annual report
DEMO002,샘플메모리,2024,equity,45000000000000,KRW,DEMO002-2024,Sample annual report
DEMO002,샘플메모리,2025,revenue,78000000000000,KRW,DEMO002-2025,Sample annual report
DEMO002,샘플메모리,2025,operating_income,7020000000000,KRW,DEMO002-2025,Sample annual report
DEMO002,샘플메모리,2025,net_income,4600000000000,KRW,DEMO002-2025,Sample annual report
DEMO002,샘플메모리,2025,assets,90000000000000,KRW,DEMO002-2025,Sample annual report
DEMO002,샘플메모리,2025,liabilities,42000000000000,KRW,DEMO002-2025,Sample annual report
DEMO002,샘플메모리,2025,equity,48000000000000,KRW,DEMO002-2025,Sample annual report
